Threads, Generation-Gap, Evaluations, Time
4, 16, 1224704, 389.338987
4, 16, 983040, 351.935501
4, 16, 1142784, 383.034562
