Threads, Generation-Gap, Evaluations, Time
4, 16, 397312, 67.655998
4, 16, 2072576, 364.518405
4, 16, 1069056, 152.003171
4, 16, 1097728, 145.352597
4, 16, 303104, 60.680248
4, 16, 565248, 123.863589
4, 16, 716800, 131.721841
4, 16, 1589248, 302.830922
4, 16, 135168, 37.452477
4, 16, 1347584, 258.596248
