Threads, Generation-Gap, Evaluations, Time
4, 8, 407552, 197.397492
4, 8, 509952, 251.90464
4, 8, 423936, 217.243089
4, 8, 1019904, 440.240781
4, 8, 489472, 225.977814
4, 8, 1155072, 507.774792
4, 8, 305152, 157.915801
4, 8, 544768, 250.320398
4, 8, 624640, 282.04242
4, 8, 153600, 72.626017
4, 8, 401408, 201.208274
4, 8, 655360, 316.936969
4, 8, 770048, 325.26591
8, 8, 1167360, 541.508515
8, 8, 708608, 369.369578
8, 8, 454656, 195.731552
8, 8, 1103872, 493.005551
8, 8, 401408, 164.150597
