Population size, Found, Rate 
256, 14, 0.466667
512, 17, 0.566667
1024, 13, 0.433333
2048, 15, 0.5
